0,http://mobile311.sfgov.org/media/san_francisco/report/photos/585b54593da153f1b6e874e4/report.jpg
1,http://mobile311.sfgov.org/media/san_francisco/report/photos/585b481c3da153f1b6e8740b/report.jpg
2,http://mobile311.sfgov.org/media/san_francisco/report/photos/585b36363da153f1b6e872cf/photo_20161221_180939.jpg
3,http://mobile311.sfgov.org/media/san_francisco/report/photos/585b1cb83da153f1b6e86ec8/report.jpg
4,http://mobile311.sfgov.org/media/san_francisco/report/photos/585adac63da153f1b6e8651d/report.jpg
5,http://mobile311.sfgov.org/media/san_francisco/report/photos/585ada823da153f1b6e86508/report.jpg
6,http://mobile311.sfgov.org/media/san_francisco/report/photos/585ad9193da153f1b6e864ba/report.jpg
7,http://mobile311.sfgov.org/media/san_francisco/report/photos/585aace13da153f1b6e85c23/20161220_161239.jpg
8,http://mobile311.sfgov.org/media/san_francisco/report/photos/585aac773da153f1b6e85c0f/report.jpg
9,http://mobile311.sfgov.org/media/san_francisco/report/photos/585aa1903da153f1b6e859fc/photo_20161221_073407.jpg
